{
  "breast_surgery_BREAST CONSERVING": {
    "0": {
      "precision": 0.686411149825784,
      "recall": 0.8106995884773662,
      "f1-score": 0.7433962264150943,
      "support": 243.0
    },
    "1": {
      "precision": 0.6134453781512605,
      "recall": 0.44785276073619634,
      "f1-score": 0.5177304964539007,
      "support": 163.0
    },
    "accuracy": 0.6650246305418719,
    "macro avg": {
      "precision": 0.6499282639885222,
      "recall": 0.6292761746067813,
      "f1-score": 0.6305633614344974,
      "support": 406.0
    },
    "weighted avg": {
      "precision": 0.6571170099663078,
      "recall": 0.6650246305418719,
      "f1-score": 0.6527964382779649,
      "support": 406.0
    }
  },
  "breast_surgery_MASTECTOMY": {
    "0": {
      "precision": 0.6564885496183206,
      "recall": 0.48863636363636365,
      "f1-score": 0.5602605863192183,
      "support": 176.0
    },
    "1": {
      "precision": 0.6727272727272727,
      "recall": 0.8043478260869565,
      "f1-score": 0.7326732673267327,
      "support": 230.0
    },
    "accuracy": 0.6674876847290641,
    "macro avg": {
      "precision": 0.6646079111727967,
      "recall": 0.6464920948616601,
      "f1-score": 0.6464669268229755,
      "support": 406.0
    },
    "weighted avg": {
      "precision": 0.6656878262563969,
      "recall": 0.6674876847290641,
      "f1-score": 0.657932794771751,
      "support": 406.0
    }
  },
  "chemotherapy": {
    "0": {
      "precision": 0.6356382978723404,
      "recall": 0.9637096774193549,
      "f1-score": 0.7660256410256411,
      "support": 248.0
    },
    "1": {
      "precision": 0.7,
      "recall": 0.13291139240506328,
      "f1-score": 0.22340425531914893,
      "support": 158.0
    },
    "accuracy": 0.6403940886699507,
    "macro avg": {
      "precision": 0.6678191489361702,
      "recall": 0.548310534912209,
      "f1-score": 0.49471494817239503,
      "support": 406.0
    },
    "weighted avg": {
      "precision": 0.6606854627397547,
      "recall": 0.6403940886699507,
      "f1-score": 0.5548577125979914,
      "support": 406.0
    }
  },
  "hormone_therapy": {
    "0": {
      "precision": 0.4020100502512563,
      "recall": 0.851063829787234,
      "f1-score": 0.5460750853242321,
      "support": 94.0
    },
    "1": {
      "precision": 0.9323671497584541,
      "recall": 0.6185897435897436,
      "f1-score": 0.74373795761079,
      "support": 312.0
    },
    "accuracy": 0.6724137931034483,
    "macro avg": {
      "precision": 0.6671886000048552,
      "recall": 0.7348267866884888,
      "f1-score": 0.644906521467511,
      "support": 406.0
    },
    "weighted avg": {
      "precision": 0.8095751119415168,
      "recall": 0.6724137931034483,
      "f1-score": 0.6979736472784341,
      "support": 406.0
    }
  },
  "radio_therapy": {
    "0": {
      "precision": 0.2702702702702703,
      "recall": 0.18018018018018017,
      "f1-score": 0.21621621621621623,
      "support": 111.0
    },
    "1": {
      "precision": 0.7259036144578314,
      "recall": 0.8169491525423729,
      "f1-score": 0.7687400318979266,
      "support": 295.0
    },
    "accuracy": 0.6428571428571429,
    "macro avg": {
      "precision": 0.4980869423640508,
      "recall": 0.4985646663612765,
      "f1-score": 0.4924781240570714,
      "support": 406.0
    },
    "weighted avg": {
      "precision": 0.6013339070567987,
      "recall": 0.6428571428571429,
      "f1-score": 0.617680565048986,
      "support": 406.0
    }
  }
}