{
  "breast_surgery_BREAST CONSERVING": {
    "0": {
      "precision": 0.6050420168067226,
      "recall": 0.8,
      "f1-score": 0.6889952153110048,
      "support": 90.0
    },
    "1": {
      "precision": 0.6896551724137931,
      "recall": 0.45977011494252873,
      "f1-score": 0.5517241379310345,
      "support": 87.0
    },
    "accuracy": 0.632768361581921,
    "macro avg": {
      "precision": 0.647348594610258,
      "recall": 0.6298850574712644,
      "f1-score": 0.6203596766210197,
      "support": 177.0
    },
    "weighted avg": {
      "precision": 0.64663153396952,
      "recall": 0.632768361581921,
      "f1-score": 0.6215229908361042,
      "support": 177.0
    }
  },
  "breast_surgery_MASTECTOMY": {
    "0": {
      "precision": 0.6585365853658537,
      "recall": 0.6206896551724138,
      "f1-score": 0.6390532544378699,
      "support": 87.0
    },
    "1": {
      "precision": 0.6526315789473685,
      "recall": 0.6888888888888889,
      "f1-score": 0.6702702702702703,
      "support": 90.0
    },
    "accuracy": 0.655367231638418,
    "macro avg": {
      "precision": 0.655584082156611,
      "recall": 0.6547892720306514,
      "f1-score": 0.65466176235407,
      "support": 177.0
    },
    "weighted avg": {
      "precision": 0.6555340397293358,
      "recall": 0.655367231638418,
      "f1-score": 0.6549263133357006,
      "support": 177.0
    }
  },
  "chemotherapy": {
    "0": {
      "precision": 0.8888888888888888,
      "recall": 1.0,
      "f1-score": 0.9411764705882353,
      "support": 128.0
    },
    "1": {
      "precision": 1.0,
      "recall": 0.673469387755102,
      "f1-score": 0.8048780487804879,
      "support": 49.0
    },
    "accuracy": 0.9096045197740112,
    "macro avg": {
      "precision": 0.9444444444444444,
      "recall": 0.8367346938775511,
      "f1-score": 0.8730272596843616,
      "support": 177.0
    },
    "weighted avg": {
      "precision": 0.9196484620213433,
      "recall": 0.9096045197740112,
      "f1-score": 0.9034441391273335,
      "support": 177.0
    }
  },
  "hormone_therapy": {
    "0": {
      "precision": 0.39759036144578314,
      "recall": 0.7857142857142857,
      "f1-score": 0.528,
      "support": 42.0
    },
    "1": {
      "precision": 0.9042553191489362,
      "recall": 0.6296296296296297,
      "f1-score": 0.74235807860262,
      "support": 135.0
    },
    "accuracy": 0.6666666666666666,
    "macro avg": {
      "precision": 0.6509228402973597,
      "recall": 0.7076719576719577,
      "f1-score": 0.63517903930131,
      "support": 177.0
    },
    "weighted avg": {
      "precision": 0.7840297359651373,
      "recall": 0.6666666666666666,
      "f1-score": 0.6914934497816594,
      "support": 177.0
    }
  },
  "radio_therapy": {
    "0": {
      "precision": 0.38095238095238093,
      "recall": 0.11764705882352941,
      "f1-score": 0.1797752808988764,
      "support": 68.0
    },
    "1": {
      "precision": 0.6153846153846154,
      "recall": 0.8807339449541285,
      "f1-score": 0.7245283018867924,
      "support": 109.0
    },
    "accuracy": 0.5875706214689266,
    "macro avg": {
      "precision": 0.4981684981684982,
      "recall": 0.49919050188882896,
      "f1-score": 0.4521517913928344,
      "support": 177.0
    },
    "weighted avg": {
      "precision": 0.5253202541338136,
      "recall": 0.5875706214689266,
      "f1-score": 0.5152446554055592,
      "support": 177.0
    }
  }
}