{
  "orctree_breast": {
    "accuracy": 1.0,
    "f1_weighted": 1.0
  },
  "orctree_idc": {
    "accuracy": 0.993006993006993,
    "f1_weighted": 0.99303921675417
  },
  "orctree_ilc": {
    "accuracy": 1.0,
    "f1_weighted": 1.0
  },
  "orctree_immc": {
    "accuracy": 1.0,
    "f1_weighted": 1.0
  },
  "orctree_mbc": {
    "accuracy": 0.9965034965034965,
    "f1_weighted": 0.9947583064921068
  },
  "orctree_mdlc": {
    "accuracy": 1.0,
    "f1_weighted": 1.0
  },
  "orctree_nan": {
    "accuracy": 0.9965034965034965,
    "f1_weighted": 0.9982486865148862
  }
}