{
  "breast_surgery_BREAST CONSERVING": {
    "0": {
      "precision": 0.8333333333333334,
      "recall": 0.6666666666666666,
      "f1-score": 0.7407407407407407,
      "support": 75.0
    },
    "1": {
      "precision": 0.3902439024390244,
      "recall": 0.6153846153846154,
      "f1-score": 0.47761194029850745,
      "support": 26.0
    },
    "accuracy": 0.6534653465346535,
    "macro avg": {
      "precision": 0.6117886178861789,
      "recall": 0.641025641025641,
      "f1-score": 0.6091763405196241,
      "support": 101.0
    },
    "weighted avg": {
      "precision": 0.7192707075585607,
      "recall": 0.6534653465346535,
      "f1-score": 0.6730046138942252,
      "support": 101.0
    }
  },
  "breast_surgery_MASTECTOMY": {
    "0": {
      "precision": 0.38095238095238093,
      "recall": 0.6153846153846154,
      "f1-score": 0.47058823529411764,
      "support": 26.0
    },
    "1": {
      "precision": 0.8305084745762712,
      "recall": 0.6533333333333333,
      "f1-score": 0.7313432835820896,
      "support": 75.0
    },
    "accuracy": 0.6435643564356436,
    "macro avg": {
      "precision": 0.6057304277643261,
      "recall": 0.6343589743589744,
      "f1-score": 0.6009657594381036,
      "support": 101.0
    },
    "weighted avg": {
      "precision": 0.7147811633463589,
      "recall": 0.6435643564356436,
      "f1-score": 0.6642182216465721,
      "support": 101.0
    }
  },
  "chemotherapy": {
    "0": {
      "precision": 0.971830985915493,
      "recall": 0.9583333333333334,
      "f1-score": 0.965034965034965,
      "support": 72.0
    },
    "1": {
      "precision": 0.9,
      "recall": 0.9310344827586207,
      "f1-score": 0.9152542372881356,
      "support": 29.0
    },
    "accuracy": 0.9504950495049505,
    "macro avg": {
      "precision": 0.9359154929577465,
      "recall": 0.944683908045977,
      "f1-score": 0.9401446011615503,
      "support": 101.0
    },
    "weighted avg": {
      "precision": 0.9512062473853018,
      "recall": 0.9504950495049505,
      "f1-score": 0.9507414887512219,
      "support": 101.0
    }
  },
  "hormone_therapy": {
    "0": {
      "precision": 0.8541666666666666,
      "recall": 0.6212121212121212,
      "f1-score": 0.7192982456140351,
      "support": 66.0
    },
    "1": {
      "precision": 0.5283018867924528,
      "recall": 0.8,
      "f1-score": 0.6363636363636364,
      "support": 35.0
    },
    "accuracy": 0.6831683168316832,
    "macro avg": {
      "precision": 0.6912342767295597,
      "recall": 0.7106060606060607,
      "f1-score": 0.6778309409888357,
      "support": 101.0
    },
    "weighted avg": {
      "precision": 0.7412432280963945,
      "recall": 0.6831683168316832,
      "f1-score": 0.6905585295371641,
      "support": 101.0
    }
  },
  "radio_therapy": {
    "0": {
      "precision": 0.8888888888888888,
      "recall": 0.12121212121212122,
      "f1-score": 0.21333333333333335,
      "support": 66.0
    },
    "1": {
      "precision": 0.3695652173913043,
      "recall": 0.9714285714285714,
      "f1-score": 0.5354330708661418,
      "support": 35.0
    },
    "accuracy": 0.4158415841584158,
    "macro avg": {
      "precision": 0.6292270531400965,
      "recall": 0.5463203463203463,
      "f1-score": 0.3743832020997376,
      "support": 101.0
    },
    "weighted avg": {
      "precision": 0.7089252403501219,
      "recall": 0.4158415841584158,
      "f1-score": 0.3249520542605442,
      "support": 101.0
    }
  }
}