{
  "breast_surgery_BREAST CONSERVING": {
    "0": {
      "precision": 0.6005509641873278,
      "recall": 0.7785714285714286,
      "f1-score": 0.6780715396578538,
      "support": 280.0
    },
    "1": {
      "precision": 0.5664335664335665,
      "recall": 0.3584070796460177,
      "f1-score": 0.43902439024390244,
      "support": 226.0
    },
    "accuracy": 0.5909090909090909,
    "macro avg": {
      "precision": 0.5834922653104471,
      "recall": 0.5684892541087232,
      "f1-score": 0.5585479649508781,
      "support": 506.0
    },
    "weighted avg": {
      "precision": 0.5853127588664778,
      "recall": 0.5909090909090909,
      "f1-score": 0.5713034452555751,
      "support": 506.0
    }
  },
  "breast_surgery_MASTECTOMY": {
    "0": {
      "precision": 0.5793103448275863,
      "recall": 0.36681222707423583,
      "f1-score": 0.44919786096256686,
      "support": 229.0
    },
    "1": {
      "precision": 0.5983379501385041,
      "recall": 0.779783393501805,
      "f1-score": 0.677115987460815,
      "support": 277.0
    },
    "accuracy": 0.5928853754940712,
    "macro avg": {
      "precision": 0.5888241474830451,
      "recall": 0.5732978102880204,
      "f1-score": 0.563156924211691,
      "support": 506.0
    },
    "weighted avg": {
      "precision": 0.5897266425966066,
      "recall": 0.5928853754940712,
      "f1-score": 0.5739672701325566,
      "support": 506.0
    }
  },
  "chemotherapy": {
    "0": {
      "precision": 1.0,
      "recall": 0.9474940334128878,
      "f1-score": 0.9730392156862745,
      "support": 419.0
    },
    "1": {
      "precision": 0.7981651376146789,
      "recall": 1.0,
      "f1-score": 0.8877551020408163,
      "support": 87.0
    },
    "accuracy": 0.9565217391304348,
    "macro avg": {
      "precision": 0.8990825688073394,
      "recall": 0.9737470167064439,
      "f1-score": 0.9303971588635453,
      "support": 506.0
    },
    "weighted avg": {
      "precision": 0.9652971679297966,
      "recall": 0.9565217391304348,
      "f1-score": 0.9583757416009882,
      "support": 506.0
    }
  },
  "hormone_therapy": {
    "0": {
      "precision": 0.7315789473684211,
      "recall": 0.556,
      "f1-score": 0.6318181818181818,
      "support": 250.0
    },
    "1": {
      "precision": 0.6487341772151899,
      "recall": 0.80078125,
      "f1-score": 0.7167832167832168,
      "support": 256.0
    },
    "accuracy": 0.6798418972332015,
    "macro avg": {
      "precision": 0.6901565622918056,
      "recall": 0.678390625,
      "f1-score": 0.6743006993006992,
      "support": 506.0
    },
    "weighted avg": {
      "precision": 0.6896653877652054,
      "recall": 0.6798418972332015,
      "f1-score": 0.6748044445672904,
      "support": 506.0
    }
  },
  "radio_therapy": {
    "0": {
      "precision": 0.48484848484848486,
      "recall": 0.15609756097560976,
      "f1-score": 0.23616236162361623,
      "support": 205.0
    },
    "1": {
      "precision": 0.6068181818181818,
      "recall": 0.8870431893687708,
      "f1-score": 0.7206477732793523,
      "support": 301.0
    },
    "accuracy": 0.5909090909090909,
    "macro avg": {
      "precision": 0.5458333333333334,
      "recall": 0.5215703751721903,
      "f1-score": 0.47840506745148426,
      "support": 506.0
    },
    "weighted avg": {
      "precision": 0.5574035812672177,
      "recall": 0.5909090909090909,
      "f1-score": 0.5243641578852299,
      "support": 506.0
    }
  }
}